,Hometown,Hometown Max Group,Hometown Count Group
0,"Bradenton, FL",1,1
1,"Phenix City, AL",1,1
2,"Miamisburg, OH",1,1
3,"Dayton, OH",7,7
4,"Belleville, MI",1,1
5,"New Orleans, LA",1,1
6,"Sharpsburg, GA",1,1
7,"Neptune Beach, FL",1,1
8,"Glenside, PA",1,1
9,"Miami, FL",2,2
10,"Myrtle Beach, SC",1,1
12,"Largo, FL",1,1
13,"Powell, TN",3,3
14,"Norcross, GA",1,1
15,"Irvington, NJ",1,1
16,"Ellenwood, GA",1,1
17,"Miami, FL",2,2
18,"Daingerfield, TX",1,1
19,"Cordele, GA",1,1
20,"West Palm Beach, FL",1,1
22,"Chantilly, VA",1,1
23,"Ogden, UT",1,1
24,"Englewood, CO",1,1
25,"New Orleans, LA",1,1
27,"Canton, GA",1,1
28,"Zionsville, IN",1,1
29,"Monroe, LA",1,1
30,"Wayne, NJ",1,1
32,"West Chester, OH",1,1
33,"Atlanta, GA",1,1
34,"Red Bank, NJ",1,1
35,"Ashburn, VA",1,1
36,"Nashville, TN",1,1
37,"Fort Payne, AL",1,1
38,"Marion, IA",1,1
39,"Sachse, TX",1,1
40,"Essexville, MI",1,1
41,"Miami, FL",2,2
42,"Saint Louis, MO",2,2
43,"Bradenton, FL",1,1
44,"Clearwater, FL",1,1
45,"Chandler, AZ",2,2
46,"West Bloomfield, MI",1,1
47,"Ponchatoula, LA",1,1
48,"Mustang, OK",1,1
49,"Richmond, VA",1,1
50,"Baltimore, MD",1,1
51,"Kennesaw, GA",1,1
53,"Maumelle, AR",1,1
54,"Bettendorf, IA",1,1
55,"Millbrook, NY",1,1
56,"Graham, WA",1,1
57,"Kansas City, MO",1,1
58,"Tampa, FL",1,1
59,"Saint Petersburg, FL",1,1
60,"Aldie, VA",1,1
61,"Boynton Beach, FL",1,1
62,"Denton, TX",1,1
63,"Houston, TX",2,2
64,"Lancaster, PA",1,1
65,"Wylie, TX",1,1
66,"Philadelphia, PA",1,1
67,"Las Vegas, NV",2,2
68,"Scottsdale, AZ",1,1
69,"Saraland, AL",1,1
73,"Pittsburgh, PA",1,1
74,"Abernathy, TX",1,1
75,"Fort Lauderdale, FL",1,1
76,"Towson, MD",1,1
78,"Dearborn, MI",1,1
79,"Miami, FL",2,2
80,"Owings Mills, MD",1,1
81,"Irmo, SC",1,1
84,"Saint Peters, MO",1,1
85,"Van Nuys, CA",1,1
86,"Lees Summit, MO",1,1
87,"Lewisville, TX",1,1
89,"Flower Mound, TX",2,2
90,"Lawrenceburg, IN",1,1
91,"Katy, TX",2,2
93,"Cypress, TX",2,2
95,"Baton Rouge, LA",1,1
96,"Johnston City, IL",1,1
97,"Niceville, FL",1,1
98,"Denton, TX",1,1
99,"Frisco, TX",1,1
100,"Dripping Springs, TX",1,1
101,"Cincinnati, OH",2,2
102,"Olympia, WA",1,1
103,"Saint Clairsville, OH",1,1
104,"Maize, KS",1,1
105,"Jersey City, NJ",1,1
106,"Powell, TN",3,3
107,"Niceville, FL",1,1
108,"Pinson, AL",1,1
109,"Nashville, TN",1,1
110,"Stoughton, WI",1,1
111,"Denton, TX",1,1
112,"Raleigh, NC",1,1
114,"York, PA",1,1
115,"Salt Lake City, UT",1,1
116,"Lakewood, OH",1,1
117,"Pierce, NE",1,1
118,"Kennesaw, GA",1,1
119,"Phoenix, AZ",1,1
120,"Pilot Mountain, NC",1,1
121,"Acworth, GA",1,1
122,"Fond Du Lac, WI",1,1
123,"Madison, MS",1,1
124,"Strongsville, OH",1,1
125,"Englewood, CO",1,1
126,"New Orleans, LA",1,1
127,"Fairburn, GA",1,1
128,"Katy, TX",2,2
129,"Miami, FL",2,2
130,"Tampa, FL",1,1
132,"Middletown, DE",1,1
133,"Fort Branch, IN",1,1
134,"Warren, MI",1,1
135,"Rochester, MI",1,1
136,"Auburn, AL",1,1
137,"Lake Mary, FL",1,1
138,"Rockwall, TX",1,1
139,"Bethlehem, PA",1,1
140,"Murfreesboro, TN",1,1
141,"Miami Gardens, FL",2,2
142,"Madison, MS",1,1
143,"Coppell, TX",1,1
144,"Colorado Springs, CO",1,1
145,"Springdale, MD",1,1
146,"Memphis, TN",1,1
147,"Hot Springs, AR",1,1
148,"Round Rock, TX",1,1
149,"Lakeland, FL",2,2
150,"Spearman, TX",1,1
151,"Dexter, MI",1,1
152,"Saint Charles, MO",1,1
153,"Hollywood, FL",1,1
156,"Cincinnati, OH",2,2
158,"Bluefield, VA",1,1
159,"Aledo, TX",1,1
160,"Chino Hills, CA",1,1
161,"Beaumont, TX",1,1
162,"Powder Springs, GA",1,1
163,"Leesburg, VA",1,1
164,"Indian Trail, NC",1,1
165,"Cleveland, OH",1,1
166,"Chattanooga, TN",1,1
167,"Gautier, MS",1,1
168,"Midlothian, VA",1,1
170,"Tampa, FL",1,1
171,"Dayton, OH",7,7
172,"Meridian, ID",1,1
173,"Ellenwood, GA",1,1
174,"Cedartown, GA",1,1
175,"Austin, TX",3,3
176,"Choctaw, OK",1,1
177,"Lansing, KS",1,1
178,"Greenwood, IN",2,2
180,"Del Valle, TX",2,2
181,"Missouri City, TX",2,2
182,"Hoschton, GA",1,1
183,"Murfreesboro, TN",1,1
187,"Las Vegas, NV",2,2
188,"New Orleans, LA",1,1
189,"Jacksonville, FL",1,1
190,"Los Angeles, CA",5,5
191,"Somerville, NJ",1,1
192,"Round Rock, TX",1,1
193,"Smyrna, DE",1,1
194,"Saint Louis, MO",2,2
195,"Staten Island, NY",1,1
197,"Chesapeake, VA",1,1
198,"Orange, TX",1,1
199,"Chicago, IL",1,1
200,"American Fork, UT",1,1
201,"West Fargo, ND",1,1
202,"Hammond, WI",1,1
204,"Park City, UT",1,1
205,"Pearland, TX",1,1
207,"Lindale, TX",1,1
208,"Marietta, GA",1,1
209,"Lees Summit, MO",1,1
210,"Orlando, FL",1,1
211,"Pflugerville, TX",1,1
212,"Titusville, FL",1,1
213,"Kissimmee, FL",1,1
214,"Tacoma, WA",1,1
215,"Baton Rouge, LA",1,1
216,"Platte City, MO",1,1
218,"Bentonville, AR",1,1
219,"Ramsey, NJ",1,1
220,"Minneapolis, MN",1,1
221,"Tallahassee, FL",1,1
222,"Fort Myers, FL",1,1
223,"Missouri City, TX",2,2
224,"Owasso, OK",1,1
225,"Brentwood, TN",1,1
226,"Park Ridge, IL",1,1
227,"Ellenwood, GA",1,1
228,"Baltimore, MD",1,1
230,"Missouri City, TX",2,2
231,"Harper Woods, MI",1,1
232,"Fort Lauderdale, FL",1,1
233,"Birmingham, AL",1,1
234,"Beggs, OK",1,1
235,"Columbia, SC",1,1
236,"Tampa, FL",1,1
237,"Inglewood, CA",1,1
238,"Frisco, TX",1,1
239,"Chandler, AZ",2,2
240,"Birmingham, AL",1,1
244,"Greenville, SC",1,1
245,"Gooding, ID",1,1
247,"Spring Branch, TX",1,1
248,"Austin, TX",3,3
249,"Alabaster, AL",2,2
250,"Cypress, TX",2,2
251,"Monument, CO",1,1
252,"Kennesaw, GA",1,1
253,"Austin, TX",3,3
254,"Santa Ana, CA",2,2
255,"Erie, PA",1,1
256,"Concord, CA",1,1
257,"Huntington, WV",1,1
258,"Atlantic City, NJ",1,1
259,"Lakeland, FL",2,2
260,"Argyle, TX",3,3
261,"Benicia, CA",1,1
263,"Cornelius, NC",1,1
264,"Las Vegas, NV",2,2
265,"Sumter, SC",1,1
266,"Boonville, MO",1,1
267,"Bloomington, IN",3,3
268,"Fort Lauderdale, FL",1,1
269,"Perry, GA",1,1
270,"Selma, AL",1,1
271,"Canton, MS",1,1
272,"Corbin, KY",1,1
273,"Salt Lake City, UT",1,1
274,"Shiner, TX",1,1
276,"Atlanta, GA",1,1
277,"Cleveland, OH",1,1
278,"Venice, FL",1,1
279,"Millsboro, DE",1,1
280,"Homestead, FL",1,1
281,"Marietta, GA",1,1
282,"Towson, MD",1,1
283,"New Iberia, LA",1,1
284,"Chicago, IL",1,1
285,"Homestead, FL",1,1
286,"Picayune, MS",1,1
287,"Hyattsville, MD",1,1
288,"Detroit, MI",2,2
289,"Floresville, TX",1,1
291,"Charlotte, NC",3,3
292,"Baxley, GA",1,1
293,"Portland, OR",1,1
294,"Bloomington, IN",3,3
295,"Miami, FL",2,2
296,"Puyallup, WA",1,1
298,"Lithonia, GA",1,1
299,"Allen, TX",1,1
300,"Washington, DC",1,1
302,"Oklahoma City, OK",1,1
303,"Tulsa, OK",1,1
304,"Union, NJ",1,1
306,"De Witt, AR",1,1
307,"Charlotte, NC",3,3
308,"Long Beach, CA",8,8
309,"Bradenton, FL",1,1
310,"Alpharetta, GA",1,1
311,"Longview, TX",1,1
312,"Valdosta, GA",1,1
313,"Miami, FL",2,2
314,"Shreveport, LA",2,2
315,"Alpharetta, GA",1,1
316,"Rancho Cucamonga, CA",1,1
318,"Springfield, OH",1,1
319,"Fort Wayne, IN",1,1
320,"Houston, TX",2,2
321,"Snellville, GA",1,1
323,"Windsor, CT",1,1
324,"Detroit, MI",2,2
325,"Columbia, SC",1,1
326,"Marlin, TX",1,1
327,"Jacksonville, FL",1,1
328,"Texarkana, TX",1,1
329,"Kissimmee, FL",1,1
331,"Baltimore, MD",1,1
332,"Dayton, OH",7,7
333,"Choctaw, OK",1,1
334,"Belleville, MI",1,1
335,"Omaha, NE",1,1
336,"Chesapeake, VA",1,1
337,"Upper Marlboro, MD",1,1
338,"Spring Hill, TN",1,1
339,"Madison, AL",1,1
340,"Stockton, CA",2,2
341,"Draper, UT",1,1
342,"Alpharetta, GA",1,1
343,"Camden, NJ",2,2
345,"Naples, FL",1,1
346,"Arlington, TX",1,1
347,"Omaha, NE",1,1
348,"Marshall, MN",1,1
349,"Bainbridge, GA",1,1
350,"Houston, TX",2,2
351,"West Bloomfield, MI",1,1
352,"Sammamish, WA",1,1
353,"Gladewater, TX",1,1
355,"Bellingham, WA",1,1
356,"Kansas City, MO",1,1
357,"Dickinson, TX",2,2
358,"Griffin, GA",1,1
359,"Jackson, MS",1,1
360,"Merrillville, IN",1,1
361,"Auburn, AL",1,1
362,"Austin, TX",3,3
363,"Downingtown, PA",1,1
364,"Walled Lake, MI",1,1
365,"Phoenix, AZ",1,1
366,"Lutcher, LA",1,1
368,"Colleyville, TX",1,1
369,"Pearland, TX",1,1
370,"Derby, KS",1,1
371,"Olney, MD",1,1
372,"Snellville, GA",1,1
373,"Chandler, AZ",2,2
374,"Geismar, LA",1,1
375,"Dearborn, MI",1,1
376,"Fitzgerald, GA",1,1
377,"Fort Lauderdale, FL",1,1
378,"Bellflower, CA",1,1
379,"Tampa, FL",1,1
380,"Port Saint Lucie, FL",1,1
382,"Nashville, TN",1,1
383,"Oak Park, IL",1,1
384,"Zachary, LA",1,1
385,"West Des Moines, IA",1,1
386,"Santa Ana, CA",2,2
387,"Santa Ana, CA",2,2
388,"Auburndale, FL",1,1
389,"Murfreesboro, TN",1,1
391,"Miami, FL",2,2
393,"Columbus, GA",1,1
395,"Covington, GA",1,1
396,"Venice, FL",1,1
397,"New Haven, CT",1,1
398,"Little Rock, AR",1,1
399,"Portland, OR",1,1
400,"Keller, TX",1,1
401,"Baton Rouge, LA",1,1
402,"Hartford, AL",1,1
403,"Minneapolis, MN",1,1
404,"Powder Springs, GA",1,1
405,"Philadelphia, PA",1,1
406,"Santa Ana, CA",2,2
407,"Mission Hills, CA",1,1
408,"Valdosta, GA",1,1
409,"Warminster, PA",1,1
411,"Amarillo, TX",1,1
412,"Columbus, NE",1,1
413,"Baltimore, MD",1,1
414,"Auburn, AL",1,1
415,"Austin, TX",3,3
417,"Roswell, GA",1,1
418,"Fort Collins, CO",1,1
419,"Fort Washington, MD",1,1
422,"Ellenwood, GA",1,1
423,"Las Vegas, NV",2,2
424,"Jackson, GA",1,1
425,"Franklin, TN",1,1
426,"Leesburg, VA",1,1
427,"Bradenton, FL",1,1
428,"Miami, FL",2,2
429,"Tacoma, WA",1,1
431,"Marysville, OH",1,1
432,"Lakeland, FL",2,2
433,"Frisco, TX",1,1
434,"Hampton, GA",1,1
435,"Gainesville, FL",1,1
436,"Tulsa, OK",1,1
437,"Englewood, CO",1,1
439,"Suffolk, VA",1,1
440,"Henderson, NV",1,1
441,"Cincinnati, OH",2,2
442,"Houston, TX",2,2
444,"San Diego, CA",1,1
445,"Bakersfield, CA",1,1
446,"Algonquin, IL",1,1
447,"Jacksonville, FL",1,1
448,"Suwanee, GA",1,1
449,"Nashville, TN",1,1
450,"Tampa, FL",1,1
451,"West Roxbury, MA",1,1
452,"Lincoln, NE",1,1
453,"Daleville, VA",1,1
454,"Tiger, GA",2,2
455,"Cypress, TX",2,2
456,"Odessa, TX",1,1
457,"Draper, UT",1,1
458,"San Mateo, CA",1,1
459,"Houston, TX",2,2
460,"Jacksonville, FL",1,1
461,"Snoqualmie, WA",1,1
462,"Bronx, NY",1,1
463,"Rancho Santa Margarita, CA",1,1
465,"Savannah, GA",1,1
466,"Atlanta, GA",1,1
467,"Council Bluffs, IA",1,1
468,"Haslet, TX",1,1
469,"Trussville, AL",1,1
470,"Mableton, GA",1,1
472,"Blue Springs, MO",1,1
474,"Sun Prairie, WI",1,1
475,"Fulton, MS",1,1
476,"Saint Louis, MO",2,2
478,"Buford, GA",2,2
479,"Post, TX",1,1
480,"Kernersville, NC",1,1
481,"Magna, UT",1,1
482,"Washington, DC",1,1
483,"Arlington, TX",1,1
484,"Fayetteville, AR",1,1
485,"Everett, MA",1,1
486,"Jackson, TN",1,1
488,"Tupelo, MS",1,1
489,"Valdosta, GA",1,1
490,"Dacula, GA",2,2
491,"Alpharetta, GA",1,1
492,"Bradenton, FL",1,1
493,"Jacksonville, FL",1,1
494,"Denton, TX",1,1
495,"Mesa, AZ",1,1
498,"Kingston, NH",1,1
499,"Danville, KY",1,1
500,"Bailey, NC",1,1
501,"Nashville, TN",1,1
502,"Sergeant Bluff, IA",1,1
503,"Harrisburg, SD",1,1
504,"Springfield, OR",1,1
505,"Edmond, OK",1,1
506,"Mustang, OK",1,1
507,"Ponchatoula, LA",1,1
508,"Fort Lauderdale, FL",1,1
510,"Valdosta, GA",1,1
511,"Denison, TX",1,1
512,"Valdosta, GA",1,1
513,"Austin, TX",3,3
514,"Eudora, KS",1,1
515,"Atlanta, GA",1,1
516,"Franklin, MI",1,1
517,"Corona, CA",10,10
518,"Haslet, TX",1,1
519,"Pittsburg, CA",1,1
521,"Flower Mound, TX",2,2
522,"Charlotte, NC",3,3
523,"Stockton, CA",2,2
524,"Oradell, NJ",1,1
526,"Columbia, MS",1,1
527,"Jacksonville, FL",1,1
528,"San Diego, CA",1,1
529,"Florence, AL",1,1
530,"Bellflower, CA",1,1
531,"District Heights, MD",1,1
533,"Bogart, GA",1,1
534,"Hayesville, NC",1,1
535,"Savannah, GA",1,1
536,"Buford, GA",2,2
537,"Justin, TX",1,1
538,"Las Vegas, NV",2,2
539,"Fairfield, AL",1,1
541,"Oklahoma City, OK",1,1
542,"Greer, SC",1,1
543,"Miami, FL",2,2
544,"Longview, TX",1,1
545,"Overland Park, KS",1,1
546,"Bellflower, CA",1,1
547,"Ellaville, GA",1,1
548,"San Diego, CA",1,1
549,"Cedar Hill, TX",2,2
550,"Salisbury, NC",1,1
551,"Ellenwood, GA",1,1
552,"Melbourne, FL",1,1
553,"Tyler, TX",1,1
554,"Ocala, FL",1,1
556,"Philadelphia, PA",1,1
557,"Voorhees, NJ",1,1
558,"Little Rock, AR",1,1
560,"Fort Pierce, FL",2,2
561,"Charlotte, NC",3,3
562,"Montgomery, AL",1,1
563,"Dallas, TX",2,2
564,"Ellenwood, GA",1,1
565,"Bremond, TX",1,1
566,"Oswego, IL",1,1
567,"Opelika, AL",1,1
568,"Hays, KS",2,2
569,"Leesburg, GA",1,1
570,"Lexington, TX",1,1
572,"Aledo, TX",1,1
573,"Los Angeles, CA",5,5
574,"Fort Washington, MD",1,1
575,"Bakersfield, CA",1,1
576,"Houston, TX",2,2
577,"Clearwater, FL",1,1
578,"Amite, LA",1,1
579,"Arlington, TX",1,1
580,"Havelock, NC",1,1
581,"Des Moines, IA",1,1
582,"Minneapolis, MN",1,1
583,"Rockwall, TX",1,1
584,"Oradell, NJ",1,1
585,"Hillside, NJ",1,1
586,"Apple Valley, CA",1,1
588,"Winter Garden, FL",1,1
589,"Lake Stevens, WA",1,1
590,"Tulsa, OK",1,1
591,"Upper Marlboro, MD",1,1
593,"Tacoma, WA",1,1
594,"Norco, CA",1,1
595,"Houston, TX",2,2
596,"Harker Heights, TX",1,1
598,"Brownsville, TN",1,1
599,"Pinson, AL",1,1
600,"Hilton Head Island, SC",1,1
601,"Playa Del Rey, CA",1,1
602,"Hallandale, FL",1,1
603,"Lakeland, FL",2,2
604,"Port Arthur, TX",1,1
605,"Little Rock, AR",1,1
607,"Deerfield Beach, FL",1,1
608,"Mauldin, SC",1,1
609,"Alabaster, AL",2,2
610,"Belleville, MI",1,1
611,"Walkersville, MD",1,1
612,"Hollywood, FL",1,1
613,"Osseo, MN",1,1
614,"Milwaukee, WI",1,1
615,"Bradenton, FL",1,1
616,"Chicago, IL",1,1
617,"Hamburg, NY",1,1
618,"Greenland, AR",1,1
619,"Donaldsonville, LA",1,1
620,"Bethany, OK",1,1
621,"Milwaukee, WI",1,1
622,"Indianapolis, IN",1,1
623,"Richmond, VA",1,1
624,"Danvers, MA",2,2
625,"Hartland, WI",1,1
626,"Lake Oswego, OR",1,1
627,"Reading, PA",1,1
628,"Zionsville, IN",1,1
630,"Kissimmee, FL",1,1
631,"Corpus Christi, TX",1,1
632,"Macon, GA",1,1
633,"DeSoto, TX",2,2
634,"Stockton, CA",2,2
635,"Pensacola, FL",1,1
637,"Tampa, FL",1,1
638,"Lafayette, LA",1,1
639,"Tylertown, MS",1,1
640,"Winter Garden, FL",1,1
641,"Duncanville, TX",1,1
642,"Jacksonville, FL",1,1
643,"Jacksonville, FL",1,1
644,"Garland, TX",1,1
645,"Murfreesboro, TN",1,1
648,"Tyler, TX",1,1
649,"Ramsey, NJ",1,1
650,"Frisco, TX",1,1
651,"Washington, DC",1,1
652,"Mission Hills, CA",1,1
653,"Seattle, WA",1,1
654,"Rockwall, TX",1,1
655,"Cincinnati, OH",2,2
656,"Dayton, OH",7,7
657,"Greenville, SC",1,1
658,"Miami, FL",2,2
659,"Traverse City, MI",1,1
660,"Kennesaw, GA",1,1
661,"Indianapolis, IN",1,1
662,"Colonial Heights, VA",1,1
663,"Spring, TX",1,1
664,"Hicksville, NY",1,1
665,"Philadelphia, PA",1,1
666,"Montgomery, AL",1,1
667,"Las Vegas, NV",2,2
668,"Pasco, WA",2,2
669,"Mission Hills, CA",1,1
670,"Miami, FL",2,2
671,"Houston, TX",2,2
673,"San Jose, CA",1,1
674,"Trussville, AL",1,1
675,"Roswell, GA",1,1
676,"Covington, GA",1,1
677,"Irvington, NJ",1,1
678,"Manvel, TX",1,1
679,"Chicago, IL",1,1
680,"Dallas, GA",1,1
681,"Portland, OR",1,1
682,"Inglewood, CA",1,1
683,"Las Vegas, NV",2,2
684,"Reading, PA",1,1
685,"West Chester, OH",1,1
686,"Kankakee, IL",1,1
687,"Lakeland, FL",2,2
688,"Jersey City, NJ",1,1
689,"Duncanville, TX",1,1
690,"Jacksonville, FL",1,1
692,"Naperville, IL",1,1
693,"Arthur, IL",1,1
694,"Bellevue, NE",1,1
695,"Knoxville, TN",2,2
696,"Frankfort, KY",1,1
697,"Westerville, OH",1,1
699,"Des Moines, IA",1,1
700,"Honolulu, HI",1,1
701,"Festus, MO",1,1
702,"Tallahassee, FL",1,1
703,"Chicago, IL",1,1
704,"Fort Worth, TX",1,1
705,"Hamilton, OH",1,1
706,"Colonial Heights, VA",1,1
707,"Powder Springs, GA",1,1
708,"Georgetown, KY",1,1
709,"Humble, TX",1,1
710,"Oak Grove, LA",1,1
711,"Chatsworth, CA",10,10
712,"Fort Pierce, FL",2,2
714,"Albany, GA",1,1
717,"Chattanooga, TN",1,1
719,"Bellflower, CA",1,1
720,"Suwanee, GA",1,1
721,"Ellenwood, GA",1,1
722,"Bradenton, FL",1,1
723,"Spring Hill, TN",1,1
724,"New Caney, TX",1,1
725,"Philadelphia, PA",1,1
726,"Gardendale, AL",1,1
727,"Highland Home, AL",1,1
728,"Columbus, GA",1,1
729,"Humble, TX",1,1
730,"Philadelphia, PA",1,1
731,"Indianapolis, IN",1,1
732,"Shreveport, LA",2,2
733,"Frisco, TX",1,1
734,"Merrillville, IN",1,1
735,"Delran, NJ",1,1
736,"New Canaan, CT",1,1
737,"Cleveland, OH",1,1
738,"Hollywood, FL",1,1
739,"Chattanooga, TN",1,1
740,"Tampa, FL",1,1
741,"Bradenton, FL",1,1
742,"Philadelphia, PA",1,1
743,"Saint Louis, MO",2,2
744,"Mission Hills, CA",1,1
745,"Los Angeles, CA",5,5
746,"Anaheim, CA",1,1
747,"Chesterfield, VA",1,1
748,"Poplarville, MS",1,1
749,"Killeen, TX",1,1
750,"Lexington, MS",1,1
751,"Montgomery, AL",1,1
753,"Charlestown, IN",1,1
754,"Hyattsville, MD",1,1
755,"Port Saint Lucie, FL",1,1
757,"Calera, AL",1,1
758,"Lubbock, TX",1,1
759,"Las Vegas, NV",2,2
760,"Germantown, TN",1,1
761,"Suwanee, GA",1,1
762,"Ogden, UT",1,1
763,"Memphis, TN",1,1
764,"Seffner, FL",1,1
765,"Chandler, AZ",2,2
766,"Gilbert, AZ",1,1
767,"Jackson, LA",1,1
768,"Montgomery, AL",1,1
769,"Dallas, TX",2,2
770,"Miami, FL",2,2
771,"Bridgeville, PA",1,1
772,"Leo, IN",1,1
773,"Salt Lake City, UT",1,1
774,"Frontenac, KS",1,1
775,"Mansfield, TX",1,1
776,"Mandeville, LA",1,1
777,"Southlake, TX",1,1
778,"Playa Del Rey, CA",1,1
779,"Norcross, GA",1,1
780,"Alpharetta, GA",1,1
781,"Santa Ana, CA",2,2
783,"Tampa, FL",1,1
784,"Orlando, FL",1,1
785,"Brookline, MA",1,1
789,"Kansas City, MO",1,1
790,"Scranton, PA",1,1
791,"Monroe, LA",1,1
792,"Madisonville, TX",1,1
793,"Saint Paul, MN",1,1
795,"Clearwater, FL",1,1
796,"Paris, TN",1,1
797,"New Palestine, IN",1,1
798,"Avon, OH",1,1
799,"Bixby, OK",1,1
800,"Findlay, OH",1,1
801,"Saint Louis, MO",2,2
802,"Gardena, CA",2,2
803,"Saint Louis, MO",2,2
804,"Columbus, MS",1,1
806,"Douglasville, GA",1,1
807,"Los Alamitos, CA",8,8
808,"Tallahassee, FL",1,1
809,"Lincoln, NE",1,1
810,"Los Alamitos, CA",8,8
811,"Kennesaw, GA",1,1
812,"Shelby, NC",1,1
813,"Jefferson, GA",1,1
814,"Leesburg, GA",1,1
815,"Cortlandt Manor, NY",1,1
816,"Federal Way, WA",1,1
817,"Orlando, FL",1,1
818,"West Chester, OH",1,1
819,"Dallas, TX",2,2
820,"Buford, GA",2,2
821,"Oxnard, CA",1,1
822,"Nashville, TN",1,1
823,"Skillman, NJ",1,1
824,"Marietta, GA",1,1
825,"Lake City, FL",1,1
826,"The Woodlands, TX",1,1
827,"Ponte Vedra Beach, FL",1,1
828,"Grovetown, GA",1,1
829,"Clearwater, FL",1,1
830,"Fort Lauderdale, FL",1,1
831,"Roebuck, SC",1,1
832,"Garland, TX",1,1
833,"Rabun Gap, GA",1,1
836,"Saint Charles, MO",1,1
837,"Snellville, GA",1,1
838,"Delray Beach, FL",1,1
839,"Rome, GA",1,1
840,"Rome, GA",1,1
841,"Saint Louis, MO",2,2
842,"Fort Lauderdale, FL",1,1
843,"Anaheim, CA",1,1
845,"East Liverpool, OH",1,1
846,"Owings Mills, MD",1,1
847,"Fort Lauderdale, FL",1,1
848,"Bellflower, CA",1,1
849,"Fredericksburg, VA",1,1
850,"Westlake Village, CA",1,1
851,"Groton, MA",1,1
852,"Houston, TX",2,2
853,"Saint Augustine, FL",1,1
854,"Winter Garden, FL",1,1
855,"Alpharetta, GA",1,1
856,"Mundelein, IL",1,1
857,"Cleveland, OH",1,1
858,"Bellaire, TX",1,1
859,"Broken Arrow, OK",1,1
861,"Omaha, NE",1,1
862,"Park City, UT",1,1
863,"Frisco, TX",1,1
864,"Tulsa, OK",1,1
865,"Lees Summit, MO",1,1
866,"Greenville, SC",1,1
867,"Harrisburg, PA",1,1
868,"King George, VA",1,1
869,"Burien, WA",1,1
870,"Jacksonville, FL",1,1
871,"Bellevue, NE",1,1
872,"Tulsa, OK",1,1
874,"Greenville, NC",1,1
876,"Loganville, GA",1,1
877,"Baltimore, MD",1,1
878,"Rowlett, TX",1,1
879,"Temple, TX",1,1
880,"East Saint Louis, IL",1,1
881,"Mount Pleasant, TX",1,1
882,"Atlanta, GA",1,1
883,"Mount Pleasant, SC",1,1
884,"Sumter, SC",1,1
885,"Carthage, TX",1,1
886,"New York, NY",1,1
887,"Columbus, GA",1,1
888,"Franklin, WI",1,1
889,"Brentwood, TN",1,1
890,"Detroit, MI",2,2
891,"Ramseur, NC",1,1
892,"Clovis, CA",1,1
893,"Bellflower, CA",1,1
894,"Cumming, GA",1,1
895,"Miami, FL",2,2
896,"Glen Burnie, MD",1,1
897,"Allen, TX",1,1
898,"Bryan, TX",1,1
899,"Chandler, AZ",2,2
901,"Donalsonville, GA",1,1
902,"Flower Mound, TX",2,2
903,"Stilwell, KS",1,1
904,"Flagstaff, AZ",1,1
905,"Reading, PA",1,1
906,"Maumelle, AR",1,1
907,"Long Beach, CA",8,8
908,"Apopka, FL",1,1
909,"Mission Hills, CA",1,1
910,"Anaheim, CA",1,1
911,"Rolesville, NC",1,1
912,"League City, TX",1,1
913,"Stafford, VA",1,1
914,"Grand Rapids, MI",1,1
915,"Camden, NJ",2,2
916,"Washington, DC",1,1
917,"Fort Lauderdale, FL",1,1
919,"Cocoa, FL",1,1
920,"Jackson, MI",1,1
921,"Windsor, CT",1,1
922,"Potomac, MD",1,1
923,"Indianapolis, IN",1,1
924,"Fort Lauderdale, FL",1,1
925,"Duncanville, TX",1,1
926,"Killeen, TX",1,1
928,"Trussville, AL",1,1
929,"Clayton, NC",1,1
930,"Vivian, LA",1,1
931,"Cumming, GA",1,1
932,"Rusk, TX",1,1
933,"Memphis, TN",1,1
934,"Orlando, FL",1,1
935,"Santa Rosa Beach, FL",1,1
936,"Malvern, PA",1,1
937,"Alabaster, AL",2,2
938,"Denton, TX",1,1
940,"Lancaster, TX",1,1
941,"Miami, FL",2,2
942,"Bellflower, CA",1,1
943,"Duncanville, TX",1,1
944,"Dickinson, TX",2,2
945,"Westfield, IN",1,1
946,"Auburn, AL",1,1
947,"Clearwater, FL",1,1
948,"Owings Mills, MD",1,1
949,"Lawrence, MA",1,1
950,"Leesburg, GA",1,1
951,"Montgomery, AL",1,1
952,"Dallas, TX",2,2
953,"Gainesville, FL",1,1
955,"Clarendon, AR",1,1
956,"Santa Ana, CA",2,2
957,"Jacksonville, AR",1,1
958,"Pike Road, AL",1,1
959,"Atlanta, GA",1,1
960,"Wayne, NJ",1,1
961,"Fort Lauderdale, FL",1,1
962,"Mission Hills, CA",1,1
963,"Southlake, TX",1,1
964,"Biloxi, MS",1,1
965,"Philadelphia, PA",1,1
966,"Tacoma, WA",1,1
967,"Santa Ana, CA",2,2
968,"Philadelphia, PA",1,1
969,"Midlothian, VA",1,1
970,"Alvin, TX",1,1
971,"Lynn Haven, FL",1,1
972,"Springfield, IL",1,1
973,"Highland Springs, VA",1,1
974,"Pickerington, OH",2,2
975,"Ellenwood, GA",1,1
976,"Fayetteville, GA",1,1
977,"Tallahassee, FL",1,1
978,"Milton, FL",1,1
979,"Bellflower, CA",1,1
981,"Harker Heights, TX",1,1
982,"San Antonio, TX",1,1
983,"Lehigh Acres, FL",1,1
984,"Folsom, CA",1,1
985,"Hickory, NC",2,2
986,"Trussville, AL",1,1
988,"Portland, OR",1,1
989,"Reno, NV",1,1
992,"Broken Arrow, OK",1,1
994,"Mobile, AL",1,1
995,"Zephyrhills, FL",1,1
996,"Tampa, FL",1,1
997,"Uniontown, PA",3,3
998,"Gardena, CA",2,2
999,"Silver Spring, MD",1,1
1000,"Burlington, MA",1,1
1001,"Miami, FL",2,2
1002,"El Campo, TX",1,1
1003,"Eastlake, OH",1,1
1004,"Denver, PA",1,1
1005,"Chagrin Falls, OH",1,1
1006,"Olympia, WA",1,1
1007,"New Orleans, LA",1,1
1008,"Hollywood, FL",1,1
1009,"Cary, NC",1,1
1010,"Buford, GA",2,2
1011,"Anniston, AL",1,1
1012,"Suwanee, GA",1,1
1013,"Lakeland, FL",2,2
1014,"Pfafftown, NC",1,1
1015,"Nashville, TN",1,1
1016,"Omaha, NE",1,1
1018,"Jefferson, GA",1,1
1019,"Brockton, MA",1,1
1020,"Glenside, PA",1,1
1021,"San Diego, CA",1,1
1022,"Snellville, GA",1,1
1023,"Saint Louis, MO",2,2
1024,"Opa Locka, FL",2,2
1025,"Tuscaloosa, AL",1,1
1027,"Carrollton, TX",1,1
1028,"Evanston, IL",1,1
1029,"Miami, FL",2,2
1030,"Louisville, KY",1,1
1031,"West Bloomfield, MI",1,1
1033,"Powder Springs, GA",1,1
1034,"Monroe, NC",1,1
1035,"Ashdown, AR",1,1
1036,"Nashville, TN",1,1
1037,"Alpharetta, GA",1,1
1038,"Philadelphia, PA",1,1
1039,"Bradenton, FL",1,1
1040,"Manassas, VA",1,1
1041,"Fort Myers, FL",1,1
1042,"Saint James, LA",1,1
1043,"Lompoc, CA",1,1
1045,"Mobile, AL",1,1
1046,"Opa Locka, FL",2,2
1047,"Chesapeake, VA",1,1
1048,"New Orleans, LA",1,1
1050,"Benicia, CA",1,1
1051,"Elk Grove, CA",1,1
1052,"Reno, NV",1,1
1053,"Bellflower, CA",1,1
1054,"Henderson, NV",1,1
1055,"Pickerington, OH",2,2
1056,"Provo, UT",1,1
1057,"Alabaster, AL",2,2
1058,"Canal Winchester, OH",1,1
1059,"Lancaster, TX",1,1
1060,"Oradell, NJ",1,1
1061,"Madison, MS",1,1
1062,"Belmont, NC",1,1
1063,"Brookline, MA",1,1
1064,"Raleigh, MS",1,1
1065,"Powder Springs, GA",1,1
1066,"Oradell, NJ",1,1
1067,"Munford, AL",1,1
1068,"Roswell, GA",1,1
1069,"Montgomery, AL",1,1
1070,"Fresno, CA",1,1
1071,"Birmingham, AL",1,1
1072,"Orlando, FL",1,1
1073,"Inglewood, CA",1,1
1074,"Many, LA",1,1
1075,"Cornelius, NC",1,1
1076,"Zeeland, MI",1,1
1077,"Santa Ana, CA",2,2
1078,"Jersey City, NJ",1,1
1079,"Middletown, PA",1,1
1080,"Edmond, OK",1,1
1081,"Gordo, AL",1,1
1082,"Miami, FL",2,2
1083,"Mocksville, NC",1,1
1084,"Temple, TX",1,1
1085,"Kahuku, HI",1,1
1086,"El Paso, TX",1,1
1087,"Tampa, FL",1,1
1088,"Cross Plains, TN",1,1
1089,"Virginia Beach, VA",1,1
1090,"Greenwood, IN",2,2
1091,"Bellflower, CA",1,1
1092,"Chillicothe, OH",1,1
1093,"Alpharetta, GA",1,1
1094,"Little Elm, TX",2,2
1095,"Winter Park, FL",1,1
1096,"Cypress, TX",2,2
1097,"Fairburn, GA",1,1
1098,"Anaheim, CA",1,1
1099,"Honolulu, HI",1,1
1100,"Memphis, TN",1,1
1101,"Stafford, VA",1,1
1102,"Clearwater, FL",1,1
1103,"Waycross, GA",1,1
1104,"Houston, TX",2,2
1105,"Miami, FL",2,2
1106,"Cincinnati, OH",2,2
1107,"Inglewood, CA",1,1
1108,"Phenix City, AL",1,1
1109,"Dewitt, MI",1,1
1110,"Knoxville, TN",2,2
1111,"Tampa, FL",1,1
1112,"Alabaster, AL",2,2
1113,"Fairfax, VA",1,1
1114,"Saint Louis, MO",2,2
1115,"Fort Lauderdale, FL",1,1
1117,"Miami, FL",2,2
1119,"Greensboro, NC",1,1
1120,"Piedmont, SC",1,1
1121,"Tallahassee, FL",1,1
1122,"Chula Vista, CA",1,1
1123,"Portland, OR",1,1
1124,"Pearland, TX",1,1
1125,"Tarpon Springs, FL",1,1
1126,"Edwards, MS",1,1
1127,"Oxford, AL",1,1
1128,"Arlington, TX",1,1
1129,"Pompano Beach, FL",1,1
1130,"Crystal Springs, MS",1,1
1131,"Minneapolis, MN",1,1
1132,"Saraland, AL",1,1
1133,"Lake Charles, LA",1,1
1134,"Ironton, OH",1,1
1135,"Knoxville, TN",2,2
1136,"Jennings, LA",1,1
1137,"Indianapolis, IN",1,1
1138,"Lakewood, OH",1,1
1139,"Farmerville, LA",1,1
1140,"Severna Park, MD",1,1
1141,"Jacksonville, FL",1,1
1142,"Jackson, LA",1,1
1143,"Corbin, KY",1,1
1144,"Sumner, WA",1,1
1145,"Lebanon, MO",1,1
1146,"Tampa, FL",1,1
1147,"Savannah, GA",1,1
1148,"Groton, MA",1,1
1149,"Katy, TX",2,2
1150,"Thompson's Station, TN",1,1
1151,"Martin, TN",2,2
1153,"New Orleans, LA",1,1
1154,"Bradenton, FL",1,1
1155,"Alpharetta, GA",1,1
1156,"Ridgeway, VA",1,1
1157,"Acton, MA",1,1
1158,"Bolingbrook, IL",1,1
1159,"Phoenix, AZ",1,1
1161,"Tifton, GA",1,1
1162,"Marrero, LA",1,1
1163,"Pittsburgh, PA",1,1
1164,"Roseville, MI",1,1
1166,"Saint Louis, MO",2,2
1168,"Graham, WA",1,1
1169,"Winter Park, FL",1,1
1170,"Warner Robins, GA",1,1
1171,"Madison, MS",1,1
1172,"Bristol, CT",1,1
1173,"Buford, GA",2,2
1174,"Louisville, KY",1,1
1175,"Pike Road, AL",1,1
1176,"Tampa, FL",1,1
1177,"Folsom, CA",1,1
1178,"Little Rock, AR",1,1
1179,"Loganville, GA",1,1
1180,"Lafayette, LA",1,1
1181,"Hiram, GA",1,1
1182,"Powell, TN",3,3
1183,"Miami, FL",2,2
1184,"Columbus, MS",1,1
1185,"Tuscaloosa, AL",1,1
1186,"Fort Pierce, FL",2,2
1187,"Grosse Pointe, MI",2,2
1188,"Harlan, IA",1,1
1189,"Camden, NJ",2,2
1190,"Austin, TX",3,3
1191,"Louisville, KY",1,1
1194,"Lexington, KY",1,1
1195,"Seabrook, SC",1,1
1196,"Altoona, IA",2,2
1197,"Fairburn, GA",1,1
1198,"Camden, SC",1,1
1199,"Santa Ana, CA",2,2
1200,"Post, TX",1,1
1201,"Rockwall, TX",1,1
1202,"Lynchburg, VA",1,1
1203,"Las Vegas, NV",2,2
1204,"Monmouth Junction, NJ",1,1
1206,"Monroe, LA",1,1
1207,"Orlando, FL",1,1
1208,"Gretna, NE",1,1
1209,"Chapin, SC",1,1
1210,"Macon, GA",1,1
1211,"McDonough, GA",1,1
1212,"Concord, CA",1,1
1213,"Las Vegas, NV",2,2
1214,"Fort Lauderdale, FL",1,1
1218,"Corona, CA",10,10
1219,"Corona, CA",10,10
1220,"Chatsworth, CA",10,10
1221,"Dayton, OH",7,7
1222,"Los Angeles, CA",5,5
1223,"Fayetteville, NC",4,4
1224,"Syracuse, NY",4,4
1225,"Charlotte, NC",3,3
1226,"Dallas, TX",2,2
1227,"Hickory, NC",2,2
1228,"Missouri City, TX",2,2
1229,"Akron, OH",2,2
1230,"Camden, NJ",2,2
1231,"Toronto, ON",2,2
1232,"Cincinnati, OH",2,2
1233,"Cedar Hill, TX",2,2
1234,"Dallas, TX",2,2
1235,"Wichita, KS",1,1
1236,"Daytona Beach, FL",1,1
1237,"Willoughby, OH",1,1
1238,"Fairfax, VA",1,1
1239,"Bradenton, FL",1,1
1240,"La Porte, IN",1,1
1241,"Coppell, TX",1,1
1242,"Las Vegas, NV",2,2
1243,"Napa, CA",1,1
1244,"Cleveland, OH",1,1
1245,"Bradenton, FL",1,1
1246,"London, KY",1,1
1247,"Bristol, CT",1,1
1248,"Fort Lauderdale, FL",1,1
1249,"Los Angeles, CA",5,5
1250,"Flint, MI",1,1
1251,"Bradenton, FL",1,1
1252,"Antioch, TN",1,1
1253,"Champaign, IL",1,1
1254,"Knoxville, TN",2,2
1255,"Mouth Of Wilson, VA",1,1
1256,"Woodland Hills, CA",1,1
1257,"Bellefonte, PA",1,1
1258,"Fort Lauderdale, FL",1,1
1259,"Oradell, NJ",1,1
1260,"Jefferson, OR",1,1
1261,"Roselle, NJ",1,1
1262,"Mooresville, NC",1,1
1263,"Spring Hill, FL",1,1
1264,"Montreal, QC",1,1
1265,"Chicago, IL",1,1
1266,"Richardson, TX",1,1
1267,"Alpharetta, GA",1,1
1268,"Los Angeles, CA",5,5
1269,"Marietta, GA",1,1
1270,"Harrisburg, PA",1,1
1271,"Saint Paul, MN",1,1
1272,"Yorkville, IL",1,1
1273,"Sherman Oaks, CA",1,1
1274,"Bradenton, FL",1,1
1275,"American Fork, UT",1,1
1276,"Kissimmee, FL",1,1
1277,"Menomonee Falls, WI",1,1
1279,"Northfield, MA",1,1
1280,"Grand Blanc, MI",1,1
1281,"Youngstown, NY",1,1
1282,"Fort Lauderdale, FL",1,1
1283,"Hillside, NJ",1,1
1284,"Bradenton, FL",1,1
1285,"Atlanta, GA",1,1
1286,"Joliet, IL",1,1
1287,"Severn, MD",1,1
1288,"West Palm Beach, FL",1,1
1289,"Poca, WV",1,1
1291,"Waukee, IA",1,1
1292,"Magnolia, AR",1,1
1293,"El Paso, TX",1,1
1294,"Duncanville, TX",1,1
1295,"Alpharetta, GA",1,1
1296,"Lafayette, IN",1,1
1297,"Appleton, WI",1,1
1298,"Mission, KS",1,1
1299,"Wilbraham, MA",1,1
1300,"Ecorse, MI",1,1
1301,"Ypsilanti, MI",1,1
1302,"Cleveland, OH",1,1
1303,"Mooresville, NC",1,1
1304,"Tallahassee, FL",1,1
1305,"Albion, IN",1,1
1306,"Morrilton, AR",1,1
1307,"Pearland, TX",1,1
1308,"Richardson, TX",1,1
1309,"Malvern, PA",1,1
1310,"Oakland, CA",1,1
1311,"Orlando, FL",1,1
1312,"Napa, CA",1,1
1313,"North Little Rock, AR",1,1
1314,"Akron, OH",2,2
1315,"Beacon Falls, CT",1,1
1316,"Westfield, IN",1,1
1317,"Norcross, GA",1,1
1318,"Worcester, MA",1,1
1320,"Mouth Of Wilson, VA",1,1
1321,"Napa, CA",1,1
1322,"Ames, IA",1,1
1323,"Moraga, CA",1,1
1324,"Atlanta, GA",1,1
1325,"Phoenix, AZ",1,1
1326,"Baltimore, MD",1,1
1327,"Chicago, IL",1,1
1328,"Sydney, NSW",1,1
1329,"Charlotte, NC",3,3
1330,"San Antonio, TX",1,1
1331,"Miami, FL",2,2
1332,"Orlando, FL",1,1
1333,"Scott Depot, WV",1,1
1334,"Helsinski,",1,1
1335,"Dublin, OH",1,1
1336,"Wichita, KS",1,1
1337,"Memphis, TN",1,1
1338,"Bartlesville, OK",1,1
1339,"Charlotte, NC",3,3
1340,"Oklahoma City, OK",1,1
1341,"Little Rock, AR",1,1
1343,"Columbia, SC",1,1
1346,"Cincinnati, OH",2,2
1348,"Humble, TX",1,1
1350,"Zionsville, IN",1,1
1351,"Denmark, SC",1,1
1352,"Mount Laurel, NJ",1,1
1353,"Orlando, FL",1,1
1354,"Dallas, TX",2,2
1355,"Gilbert, AZ",1,1
1356,"Parker, CO",1,1
1357,"Chattanooga, TN",1,1
1358,"Scottsdale, AZ",1,1
1359,"Saint Marys, OH",1,1
1360,"Baton Rouge, LA",1,1
1361,"Chattanooga, TN",1,1
1362,"Lilburn, GA",1,1
1363,"Saint Louis, MO",2,2
1364,"Enderlin, ND",1,1
1367,"Roselle, NJ",1,1
1368,"Addison, TX",1,1
1369,"Dayton, OH",7,7
1370,"Winston Salem, NC",1,1
1371,"Saint Louis, MO",2,2
1372,"Indianapolis, IN",1,1
1373,"Charlotte, NC",3,3
1376,"Oklahoma City, OK",1,1
1377,"Castaic, CA",1,1
1385,"Swannanoa, NC",1,1
1386,"Columbia, SC",1,1
1387,"Grand Island, NE",1,1
1388,"Chandler, AZ",2,2
1389,"Raleigh, NC",1,1
1390,"Gary, IN",1,1
1391,"Cleveland, OH",1,1
1392,"Snellville, GA",1,1
1393,"Orlando, FL",1,1
1394,"Baltimore, MD",1,1
1395,"Los Angeles, CA",5,5
1397,"Orlando, FL",1,1
1398,"Chicago, IL",1,1
1399,"Cottage Grove, MN",1,1
1400,"Fayetteville, GA",1,1
1401,"Loganville, GA",1,1
1402,"Pickerington, OH",2,2
1403,"Garland, TX",1,1
1404,"Blythewood, SC",1,1
1406,"Fort Lauderdale, FL",1,1
1407,"Omaha, NE",1,1
1409,"South Portland, ME",1,1
1410,"Henderson, NV",1,1
1411,"Dallas, TX",2,2
1412,"Culpeper, VA",1,1
1414,"Dallas, TX",2,2
1417,"Shreveport, LA",2,2
1418,"Houston, TX",2,2
1419,"Pewaukee, WI",1,1
1420,"Greenville, SC",1,1
1421,"Chicago, IL",1,1
1422,"Jackson, MI",1,1
1423,"Orlando, FL",1,1
1426,"Hialeah, FL",1,1
1428,"Nashville, TN",1,1
1429,"Chicago, IL",1,1
1432,"Bronx, NY",1,1
1433,"Northridge, CA",1,1
1434,"McKinney, TX",1,1
1435,"Blairstown, NJ",1,1
1436,"Fort Wayne, IN",1,1
1437,"Fresno, CA",1,1
1438,"McKinney, TX",1,1
1439,"Indianapolis, IN",1,1
1441,"Philadelphia, PA",1,1
1442,"Quincy, FL",1,1
1443,"Clinton, MD",1,1
1444,"Beaumont, TX",1,1
1445,"Cincinnati, OH",2,2
1446,"Frisco, TX",1,1
1447,"Ypsilanti, MI",1,1
1448,"Covington, GA",1,1
1449,"Atlanta, GA",1,1
1450,"Council Bluffs, IA",1,1
1451,"Portland, OR",1,1
1452,"Chattanooga, TN",1,1
1453,"Ypsilanti, MI",1,1
1454,"Rockford, IL",1,1
1456,"Fairfax, VA",1,1
1457,"West Hartford, CT",1,1
1458,"Biloxi, MS",1,1
1459,"Minneapolis, MN",1,1
1461,"Fort Lauderdale, FL",1,1
1465,"Saint Paul, MN",1,1
1467,"Orlando, FL",1,1
1468,"Hyattsville, MD",1,1
1469,"Miami, FL",2,2
1470,"Sherwood, AR",1,1
1471,"Missouri City, TX",2,2
1474,"Covington, GA",1,1
1476,"Minneapolis, MN",1,1
1477,"Indianapolis, IN",1,1
1479,"Minneapolis, MN",1,1
1480,"Louisville, KY",1,1
1481,"Coppell, TX",1,1
1482,"Mobile, AL",1,1
1483,"Indianapolis, IN",1,1
1484,"Temecula, CA",1,1
1485,"Dacula, GA",2,2
1486,"Baltimore, MD",1,1
1487,"Minneapolis, MN",1,1
1488,"Wolfeboro, NH",1,1
1489,"Gladstone, NJ",1,1
1490,"Elkton, VA",1,1
1491,"Philadelphia, PA",1,1
1492,"Terry, MS",1,1
1493,"Atlanta, GA",1,1
1494,"Beaumont, TX",1,1
1495,"Jericho, VT",1,1
1496,"Indianapolis, IN",1,1
1497,"Milwaukee, WI",1,1
1498,"Frederick, MD",1,1
1499,"Wichita, KS",1,1
1500,"Studio City, CA",1,1
1501,"Suwanee, GA",1,1
1503,"Mansfield, TX",1,1
1504,"Minneapolis, MN",1,1
1505,"Lewisville, TX",1,1
1506,"Fairfax, VA",1,1
1508,"Seattle, WA",1,1
1509,"Charlotte, NC",3,3
1510,"Charlottesville, VA",1,1
1511,"Richmond, VA",1,1
1514,"Stilwell, KS",1,1
1515,"New Hampton, NH",1,1
1516,"Washington, DC",1,1
1517,"Richardson, TX",1,1
1521,"Miami, FL",2,2
1525,"Ontario, CA",1,1
1527,"Tampa, FL",1,1
1528,"San Marcos, TX",1,1
1530,"Mccomb, MS",1,1
1531,"Gainesville, FL",1,1
1532,"Saint Paul, MN",1,1
1533,"Newark, NJ",1,1
1535,"Haverhill, MA",1,1
1536,"Hyattsville, MD",1,1
1537,"Carrollton, TX",1,1
1538,"Milwaukee, WI",1,1
1540,"Osseo, MN",1,1
1542,"Suwanee, GA",1,1
1543,"Montverde, FL",1,1
1544,"Philadelphia, PA",1,1
1545,"South Orange, NJ",1,1
1546,"Suffolk, VA",1,1
1547,"Baldwinsville, NY",1,1
1548,"Washington, DC",1,1
1549,"Louisville, KY",1,1
1551,"Gettysburg, PA",1,1
1552,"Albany, GA",1,1
1553,"East Saint Louis, IL",1,1
1554,"Madison, TN",1,1
1555,"Alpharetta, GA",1,1
1556,"North Brunswick, NJ",1,1
1557,"Montclair, NJ",1,1
1558,"Dayton, OH",7,7
1559,"Decatur, GA",1,1
1560,"Huntington, WV",1,1
1561,"Baltimore, MD",1,1
1562,"Virginia Beach, VA",1,1
1563,"Crosby, TX",1,1
1564,"Charlotte, NC",3,3
1566,"Lewisville, TX",1,1
1567,"Louisville, KY",1,1
1569,"Greensboro, NC",1,1
