,School,School Max Group,School Count Group
0,IMG Academy,2,35
1,Central,1,4
2,Miamisburg,1,1
3,Wayne,1,3
4,Belleville,1,4
5,Edna Karr,1,3
6,Trinity Christian School,1,1
7,Duncan U. Fletcher,1,1
8,La Salle College,1,2
9,Northwestern,2,2
10,Myrtle Beach,1,1
12,Largo,1,1
13,Powell,3,3
14,Greater Atlanta Christian School,1,1
15,Irvington,1,2
16,Cedar Grove,1,8
17,Christopher Columbus HS,1,3
18,Daingerfield,1,1
19,Crisp County,1,1
20,Palm Beach Central,1,1
22,Chantilly,1,1
23,Weber,1,1
24,Cherry Creek,1,3
25,Western High School,1,1
27,Cherokee,1,1
28,Zionsville,1,3
29,Neville,1,3
30,DePaul Catholic,1,2
32,Lakota West,1,3
33,Westminster School,1,2
34,Red Bank Catholic,1,1
35,Broad Run,1,1
36,Lipscomb Academy,1,3
37,Fort Payne,1,1
38,Marion,1,1
39,Sachse,1,1
40,Garber,1,1
41,Miami Central,2,5
42,Lutheran North,1,1
43,IMG Academy,2,35
44,Lakewood,1,2
45,Chandler,2,3
46,West Bloomfield,1,3
47,Ponchatoula,1,2
48,Mustang,1,2
49,St. Christopher's School,1,1
50,St. Frances Academy,1,9
51,North Cobb,1,7
53,Maumelle,1,2
54,Pleasant Valley,1,1
55,Milton Academy,1,1
56,Graham-Kapowsin,1,2
57,Rockhurst,1,1
58,Carrollwood Day,1,3
59,Lakewood,1,2
60,Lightridge,1,1
61,St. Thomas Aquinas,1,6
62,Ryan,1,2
63,Westfield,1,3
64,Manheim Township,1,1
65,Wylie East,1,1
66,Neumann Goretti,1,3
67,Liberty,1,5
68,Chaparral,1,1
69,Saraland,1,2
73,Central Catholic,1,4
74,Abernathy,1,1
75,Dillard,1,3
76,Loyola Blakefield,1,1
78,Fordson,1,1
79,Florida Christian School,1,1
80,McDonogh School,1,4
81,Dutch Fork,1,1
84,Lutheran Of St Charles County,1,1
85,Birmingham,1,1
86,Lee's Summit North,1,2
87,Lewisville,1,1
89,Marcus,1,1
90,Lawrenceburg,1,1
91,Tompkins,1,1
93,Cy Ranch,1,1
95,University Lab,1,1
96,Johnston City,1,1
97,Niceville,1,2
98,Ryan,1,2
99,Lebanon Trail,1,1
100,Dripping Springs,1,1
101,Lakota East,1,1
102,Tumwater,1,2
103,St. Clairsville,1,1
104,Maize,1,1
105,St. Peters Prep,1,5
106,Powell,3,3
107,Niceville,1,2
108,Pinson Valley,1,2
109,Pearl-Cohn,1,1
110,Fall River,1,1
111,IMG Academy,2,35
112,Leesville Road,1,1
114,Central York,1,1
115,East,1,1
116,St. Edward,1,1
117,Pierce,1,1
118,North Cobb,1,7
119,Brophy College Preparatory,1,2
120,Carroll County,1,1
121,Allatoona,1,1
122,St. Mary's Springs,1,1
123,Madison Central,1,2
124,Strongsville,1,1
125,Cherry Creek,1,3
126,Isidore Newman,1,1
127,Langston Hughes,1,3
128,Katy,2,2
129,Killian,1,1
130,Wharton,1,1
132,Middletown,1,1
133,Gibson Southern,1,1
134,De La Salle Collegiate,1,1
135,Adams,1,1
136,Auburn,1,4
137,Lake Mary,1,1
138,Rockwall,1,1
139,Freedom,1,1
140,Riverdale,1,3
141,TRU Prep Academy,2,1
142,Germantown,1,2
143,Coppell,1,2
144,Vista Ridge,1,1
145,Charles Herbert Flowers,1,2
146, ,1,1
147,Lakeside,1,1
148,Stony Point,1,2
149,Lake Gibson,2,5
150,Spearman,1,1
151,Dexter,1,1
152,Francis Howell,1,1
153,Chaminade-Madonna Prep,1,4
156,Anderson,1,1
158,Graham,1,1
159,Aledo,1,2
160,Ruben S. Ayala,1,1
161,West Brook,1,1
162,McEachern,1,4
163,Tuscarora,1,2
164,Metrolina Christian Academy,1,1
165,Glenville,1,2
166,Baylor School,1,1
167,Gautier,1,1
168,Clover Hill,1,1
170,Berkeley Prep,1,2
171,Archbishop Alter,2,2
172,Rocky Mountain,1,2
173,Cedar Grove,1,8
174,Cedartown,1,1
175,Westlake,3,6
176,Choctaw,1,2
177,Lansing,1,1
178,Center Grove,2,2
180,Lake Travis,2,1
181,Hightower,2,2
182,Mill Creek,1,1
183,Riverdale,1,3
187,Bishop Gorman,2,9
188,St. Augustine,1,3
189,Trinity Christian Academy,1,2
190,Cathedral,1,3
191,Immaculata,1,1
192,Stony Point,1,2
193,Smyrna,1,1
194,Chaminade,1,2
195,IMG Academy,2,35
197,St. Frances Academy,1,9
198,West Orange-Stark,1,1
199,IMG Academy,2,35
200,American Fork,1,1
201,West Fargo,1,1
202,Saint Croix Central,1,1
204,Park City,1,2
205,Dawson,1,1
207,Lindale,1,1
208,Walton,1,2
209,Lee's Summit North,1,2
210,Edgewater,1,1
211,Hendrickson,1,1
212,Cocoa,1,2
213,Osceola,1,3
214,Lincoln,2,8
215,Scotlandville Magnet,1,1
216,Platte County,1,1
218,Bentonville,1,1
219,Don Bosco Prep,1,2
220,Minnehaha Academy,1,2
221,Amos P. Godby,1,2
222,Bishop Verot,1,1
223,Fort Bend Marshall,1,2
224,Owasso,1,1
225,Ravenwood,1,2
226,Maine South,1,1
227,Cedar Grove,1,8
228,St. Frances Academy,1,9
230,Fort Bend Marshall,1,2
231,Harper Woods,1,1
232,Dillard,1,3
233,Briarwood Christian,1,1
234,Beggs,1,1
235,Hammond School,1,1
236,Carrollwood Day,1,3
237,Inglewood,1,4
238,Frisco,1,1
239,Basha,1,1
240,Vestavia Hills,1,1
244,Greenville,1,3
245,Gooding,1,1
247,Smithson Valley,1,1
248,Westlake,3,6
249,Thompson,2,6
250,Bridgeland,2,1
251,Palmer Ridge,1,1
252,Kennesaw Mountain,1,1
253,Westlake,3,6
254,Mater Dei,2,9
255,McDowell,1,1
256,De La Salle,1,2
257,Spring Valley,1,2
258,Clearwater Academy International,1,4
259,Lake Gibson,2,5
260,Liberty Christian,3,1
261,Benicia,1,2
263,William Amos Hough,1,2
264,Bishop Gorman,2,9
265,Sumter,1,2
266,Boonville,1,1
267,Bloomington South,3,2
268,American Heritage,1,6
269,Perry,1,1
270,Selma,1,1
271,Canton Academy,1,1
272,Corbin,1,2
273,West,1,1
274,Shiner,1,1
276,Woodward Academy,1,1
277,Glenville,1,2
278,Venice,1,2
279,McDonogh School,1,4
280,Homestead,1,3
281,Marietta,1,1
282,Calvert Hall College,1,1
283,Westgate,1,1
284,Marist,1,2
285,Homestead,1,3
286,Picayune Memorial,1,1
287,DeMatha Catholic,1,6
288,Martin Luther King,2,1
289,Floresville,1,1
291,West Charlotte,1,1
292,Appling County,1,1
293,Westview,2,2
294,Bloomington South,3,2
295,Miami Central,2,5
296,Puyallup,1,1
298,Deerfield Beach,1,2
299,Allen,1,2
300,St. John's,1,3
302,IMG Academy,2,35
303,Berryhill,1,1
304,Union,1,2
306,Dewitt,1,2
307,Zebulon B. Vance,1,3
308,Long Beach Poly,8,3
309,IMG Academy,2,35
310,IMG Academy,2,35
311,Pine Tree,1,1
312,Lowndes,1,2
313,Gulliver Prep,1,4
314,Green Oaks,2,1
315,Denmark,1,2
316,Etiwanda,1,1
318,Springfield,1,2
319,R Nelson Snider,1,1
320,North Shore,1,1
321,North Cobb,1,7
323,The Loomis Chaffee School,1,2
324,Cass Technical,1,1
325,Spring Valley,1,2
326,Marlin,1,2
327,Robert E. Lee,1,1
328,Texas High,1,1
329,Osceola,1,3
331,St. Frances Academy,1,9
332,Archbishop Alter,2,2
333,Choctaw,1,2
334,Belleville,1,4
335,Central,1,4
336,IMG Academy,2,35
337,Charles Herbert Flowers,1,2
338,Summit,1,2
339,Madison Academy,1,1
340,Edison,1,4
341,Corner Canyon,1,2
342,Milton,1,7
343,Woodrow Wilson,1,2
345,Naples,1,1
346,Bowie,1,1
347,Burke,1,1
348,Marshall,1,1
349,Bainbridge,1,1
350,The Kinkaid School,1,1
351,West Bloomfield,1,3
352,Eastside Catholic,1,1
353,Gladewater,1,1
355,Squalicum,1,1
356,North Kansas City,1,1
357,Dickinson,2,2
358,Griffin,1,1
359,Provine,1,1
360,Andrean,1,1
361,Auburn,1,4
362,Regents School,1,2
363,Downingtown West,1,1
364,Walled Lake Western,1,1
365,Pinnacle,1,1
366,Lutcher,1,1
368,Colleyville Heritage,1,1
369,Pearland,1,1
370,Derby,1,1
371,Good Counsel,1,2
372,Brookwood,1,1
373,Chandler,2,3
374,Dutchtown,1,2
375,Divine Child,1,1
376,Fitzgerald,1,1
377,American Heritage,1,6
378,St. John Bosco,1,12
379,Carrollwood Day,1,3
380,Treasure Coast,1,1
382,Lipscomb Academy,1,3
383,Fenwick,1,2
384,Zachary,1,2
385,Valley,1,1
386,Mater Dei,2,9
387,Mater Dei,2,9
388,Auburndale,1,1
389,Riverdale,1,3
391,Edison,1,4
393,Carver,1,4
395,Newton,1,4
396,Venice,1,2
397,IMG Academy,2,35
398,Joe T. Robinson,1,1
399,Central Catholic,1,4
400,Timber Creek,1,1
401,Catholic,1,1
402,Geneva County,1,1
403,Academy Of Holy Angels,1,1
404,Hillgrove,1,1
405,Imhotep Institute,1,4
406,Mater Dei,2,9
407,Bishop Alemany,1,5
408,Valdosta,1,3
409,Archbishop Wood,1,1
411,Amarillo,1,1
412,Columbus,1,2
413,St. Paul's School,1,1
414,Auburn,1,4
415,Westlake,3,6
417,Roswell,1,1
418,Rocky Mountain,1,2
419,Gonzaga,1,2
422,Cedar Grove,1,8
423,Bishop Gorman,2,9
424,Jackson,1,2
425,Franklin,1,2
426,Tuscarora,1,2
427,IMG Academy,2,35
428,Edison,1,4
429,Lincoln,2,8
431,Marysville,1,1
432,Lakeland,1,1
433,Lone Star,1,1
434,Dutchtown,1,2
435,F. W. Buchholz,1,2
436,Booker T. Washington,1,3
437,Cherry Creek,1,3
439,Nansemond-Suffolk Academy,1,1
440,Liberty,1,5
441,LaSalle,1,1
442,Klein Cain,1,3
444,St. Augustine,1,3
445,Liberty,1,5
446,Harry D Jacobs,1,1
447,Andrew Jackson,1,1
448,Lambert,1,2
449,Montgomery Bell Academy,1,2
450,Tampa Bay Tech,1,1
451,Catholic Memorial,1,1
452,Lincoln Southeast,1,1
453,Lord Botetourt,1,1
454,Rabun County,2,1
455,Cy Park,2,1
456,Permian,1,1
457,Corner Canyon,1,2
458,Junipero Serra,2,4
459,Stratford,1,2
460,The Bolles School,1,3
461,Mount Si,1,1
462,Cardinal Hayes,1,2
463,Santa Margarita Catholic,1,1
465,Benedictine Military School,1,1
466,Westminster School,1,2
467,Lewis Central,1,1
468,Eaton,1,2
469,Hewitt-Trussville,1,4
470,Whitefield Academy,1,1
472,Blue Springs,1,1
474,Sun Prairie,1,1
475,Itawamba Agricultural,1,1
476,St. Louis University,1,1
478,Buford,2,6
479,Post,1,2
480,East Forsyth,1,1
481,Cyprus,1,1
482,St. Frances Academy,1,9
483,Lamar,1,1
484,Fayetteville,1,1
485,Everett,1,1
486,Jackson North Side,1,1
488,Tupelo,1,1
489,Valdosta,1,3
490,Hebron Christian Academy,2,1
491,Milton,1,7
492,IMG Academy,2,35
493,The Bolles School,1,3
494,Guyer,1,2
495,Mountain View,1,1
498,Tilton School,1,1
499,Boyle County,1,1
500,Southern Nash,1,1
501,Hillsboro,1,1
502,Sergeant Bluff-Luton,1,1
503,Harrisburg,1,1
504,Thurston,1,1
505,Deer Creek,1,1
506,Mustang,1,2
507,Ponchatoula,1,2
508,American Heritage,1,6
510,Lowndes,1,2
511,Denison,1,1
512,Valdosta,1,3
513,Westlake,3,6
514,Eudora,1,1
515,Riverwood,1,1
516,Wylie E. Groves,1,1
517,Centennial,10,2
518,Eaton,1,2
519,Pittsburg,1,1
521,Argyle,1,1
522,Providence Day School,1,1
523,St. Mary's,1,2
524,Bergen Catholic,1,5
526,Columbia,1,2
527,Riverside High School,1,1
528,Lincoln,2,8
529,Florence,1,1
530,St. John Bosco,1,12
531,St. Frances Academy,1,9
533,Oconee County,1,1
534,Hayesville,1,1
535,Calvary Day School,1,2
536,Buford,2,6
537,Northwest,1,1
538,Bishop Gorman,2,9
539,Fairfield Preparatory School,1,1
541,Putnam City North,1,2
542,IMG Academy,2,35
543,Gulliver Prep,1,4
544,Longview,1,1
545,St. Thomas Aquinas,1,6
546,St. John Bosco,1,12
547,Schley County,1,1
548,Lincoln,2,8
549,Cedar Hill,1,1
550,Salisbury,1,1
551,Cedar Grove,1,8
552,Viera,1,1
553,Tyler Legacy,1,2
554,Forest,1,1
556,Roman Catholic,1,2
557,St. Joseph's Prep School,1,2
558,Parkview Magnet,1,2
560,Fort Pierce Westwood,1,1
561,Zebulon B. Vance,1,3
562,Carver,1,4
563,South Oak Cliff,1,3
564,Cedar Grove,1,8
565,Marlin,1,2
566,Oswego East,1,1
567,Opelika,1,1
568,Hays,2,1
569,Lee County,1,3
570,Lexington,1,1
572,Aledo,1,2
573,Junipero Serra,2,4
574,DeMatha Catholic,1,6
575,Liberty,1,5
576,Long Beach Poly,8,3
577,Clearwater Academy International,1,4
578,Amite,1,1
579,Martin,1,2
580,Havelock,1,1
581,Southeast Polk,2,3
582,Robbinsdale Cooper,1,1
583,Rockwall-Heath,1,3
584,Bergen Catholic,1,5
585,St. Peters Prep,1,5
586,Apple Valley,1,1
588,West Orange,1,3
589,Lake Stevens,1,1
590,Union,1,2
591,Dr. Henry Wise,1,1
593,Lincoln,2,8
594,Norco,1,1
595,Klein Cain,1,3
596,Harker Heights,1,2
598,Haywood,1,1
599,Clay-Chalkville,1,1
600,Hilton Head,1,1
601,St. Bernard,1,1
602,Hallandale,1,1
603,Lake Gibson,2,5
604,Memorial,1,4
605,Parkview Magnet,1,2
607,Deerfield Beach,1,2
608,Mauldin,1,1
609,Thompson,2,6
610,Belleville,1,4
611,Walkersville,1,1
612,Chaminade-Madonna Prep,1,4
613,Osseo Senior,1,2
614,King,1,2
615,IMG Academy,2,35
616,Marist,1,2
617,St. Francis,1,1
618,Greenland,1,1
619,Ascension Catholic,1,1
620,Bethany,1,1
621,Whitefish Bay,1,1
622,Brebeuf Jesuit,1,1
623,Benedictine,1,1
624,St. John's Prep,2,1
625,Arrowhead,1,1
626,Lakeridge,1,1
627,Exeter Township,1,1
628,Zionsville,1,3
630,Osceola,1,3
631,Flour Bluff,1,1
632,Northeast,1,2
633,DeSoto,2,2
634,Lincoln,2,8
635,Pine Forest,1,1
637,Hillsborough,1,1
638,Lafayette Christian Academy,1,1
639,Tylertown,1,1
640,West Orange,1,3
641,Duncanville,1,7
642,Westside,1,2
643,Westside,1,2
644,Garland,1,2
645,Oakland,1,1
648,Tyler Legacy,1,2
649,Don Bosco Prep,1,2
650,Independence,1,2
651,Archbishop Carroll,1,2
652,Bishop Alemany,1,5
653,Rainier Beach,1,1
654,Rockwall-Heath,1,3
655,Archbishop Moeller,1,2
656,Wayne,1,3
657,Greenville,1,3
658,Miami Central,2,5
659,Central,1,4
660,North Cobb,1,7
661,Lawrence Central,1,1
662,Life Christian Academy,1,2
663,Klein Oak,1,1
664,Holy Trinity Diocesan,1,1
665,St. Joseph's,1,1
666,Montgomery Catholic Preparatory,1,3
667,Desert Pines,1,1
668,Chiawana,2,1
669,St. John Bosco,1,12
670,St. Thomas Aquinas,1,6
671,Clear Lake,2,1
673,Valley Christian,1,1
674,Hewitt-Trussville,1,4
675,Blessed Trinity Catholic,1,1
676,Newton,1,4
677,Irvington,1,2
678,Manvel,1,1
679,St. Ignatius,1,1
680,East Paulding,1,1
681,Lake Oswego,1,1
682,Inglewood,1,4
683,Bishop Gorman,2,9
684,Wyomissing,1,1
685,Lakota West,1,3
686,Kankakee,1,1
687,Lake Gibson,2,5
688,St. Peters Prep,1,5
689,Duncanville,1,7
690,The Bolles School,1,3
692,Fenwick,1,2
693,Arthur Sr,1,1
694,Bellevue West,1,2
695,Buford,2,6
696,Franklin County,1,1
697,Westerville South,1,1
699,Southeast Polk,2,3
700,President Theodore Roosevelt,1,1
701,Festus,1,1
702,Amos P. Godby,1,2
703,St. Rita,1,2
704,Mansfield,1,1
705,Hamilton,2,2
706,Life Christian Academy,1,2
707,McEachern,1,4
708,Great Crossing,1,1
709,Atascocita,1,1
710,Oak Grove,1,1
711,Sierra Canyon,10,6
712,IMG Academy,2,35
714,Dougherty,1,1
717,Boyd-Buchanan School,1,1
719,St. John Bosco,1,12
720,North Gwinnett,1,2
721,Cedar Grove,1,8
722,IMG Academy,2,35
723,Summit,1,2
724,New Caney,1,1
725,St. Joseph's Prep School,1,2
726,Gardendale,1,1
727,Highland Home,1,1
728,Carver,1,4
729,Summer Creek,1,2
730,Northeast,1,2
731,Cathedral,1,3
732,Captain Shreve,1,1
733,Memorial,1,4
734,Merrillville,1,1
735,Delran,1,1
736,St. Peters Prep,1,5
737,Valley Forge,1,1
738,Chaminade-Madonna Prep,1,4
739,McCallie School,1,1
740,Berkeley Prep,1,2
741,IMG Academy,2,35
742,Imhotep Institute,1,4
743,St. Mary's,1,2
744,Bishop Alemany,1,5
745,Leuzinger,1,1
746,Servite,1,4
747,Matoaca,1,1
748,Poplarville,1,1
749,Shoemaker,1,2
750,Holmes County,1,1
751,Pike Road,1,3
753,Charlestown,1,1
754,DeMatha Catholic,1,6
755,IMG Academy,2,35
757,Calera,1,1
758,Lubbock-Cooper,1,1
759,Bishop Gorman,2,9
760,Germantown,1,2
761,Lambert,1,2
762,Bonneville,1,1
763,Memphis Academy of Health Sciences,1,1
764,Armwood,1,1
765,Chandler,2,3
766,Williams Field,1,1
767,Zachary,1,2
768,Montgomery Catholic Preparatory,1,3
769,South Oak Cliff,1,3
770,Gulliver Prep,1,4
771,Chartiers Valley,1,1
772,Leo Junior/senior,1,1
773,Brighton,1,1
774,Frontenac,1,1
775,Mansfield Timberview,1,1
776,Mandeville,1,1
777,Southlake Carroll,1,2
778,Bishop Alemany,1,5
779,Norcross,1,2
780,Milton,1,7
781,Mater Dei,2,9
783,Tampa Catholic,1,2
784,Boone,1,1
785,Dexter School,1,2
789,Raytown,1,1
790,Scranton Prep,1,1
791,Neville,1,3
792,Madisonville,1,1
793,Hill Murray School,1,1
795,Clearwater Academy International,1,4
796,Henry County,1,1
797,New Palestine,1,1
798,Avon,1,1
799,Bixby,1,1
800,Findlay,1,1
801,East St. Louis,2,4
802,Junipero Serra,2,4
803,DeSmet,1,1
804,Heritage Academy,1,2
806,South Paulding,1,1
807,Los Alamitos,8,2
808,John Paul II Catholic,1,1
809,Lincoln East,1,1
810,Los Alamitos,8,2
811,North Cobb,1,7
812,Shelby,1,1
813,Jefferson,1,3
814,Lee County,1,3
815,Walter Panas,1,1
816,Todd Beamer,1,1
817,Jones,1,1
818,Lakota West,1,3
819,South Oak Cliff,1,3
820,Buford,2,6
821,Pacifica,1,1
822,Montgomery Bell Academy,1,2
823,Hun School,1,2
824,Walton,1,2
825,Columbia,1,2
826,Conroe,1,2
827,Nease,1,1
828,Grovetown,1,1
829,Gaither,1,2
830,American Heritage,1,6
831,Dorman,1,1
832,Naaman Forest,1,1
833,Rabun Gap-Nacoochee School,1,1
836,St. Charles,1,1
837,North Cobb,1,7
838,Atlantic,1,1
839,Rome,1,2
840,Rome,1,2
841,Cardinal Ritter College Prep,1,1
842,American Heritage,1,6
843,Servite,1,4
845,East Liverpool,1,1
846,McDonogh School,1,4
847,St. Thomas Aquinas,1,6
848,St. John Bosco,1,12
849,Riverbend,1,1
850,Oaks Christian,1,1
851,Lawrence Academy,1,2
852,Klein Cain,1,3
853,Creekside,1,1
854,West Orange,1,3
855,Milton,1,7
856,Warren Township,1,1
857,Cleveland Heights,1,1
858,Shadow Creek,1,3
859,Broken Arrow,1,2
861,Elkhorn South,1,1
862,Park City,1,2
863,Reedy,1,1
864,Lincoln Christian School,1,1
865,Lee's Summit,1,1
866,Greenville,1,3
867,Central Dauphin East,1,1
868,King George,1,1
869,Kennedy Catholic,1,1
870,Bartram Trail,1,1
871,Bellevue West,1,2
872,Booker T. Washington,1,3
874,J.H. Rose,1,1
876,Grayson,1,3
877,St. Frances Academy,1,9
878,Rowlett,1,1
879,Temple,1,2
880,East St. Louis,2,4
881,Mount Pleasant,1,1
882,Pace Academy,1,1
883,Oceanside Collegiate Academy,1,1
884,Sumter,1,2
885,Carthage,1,1
886,Blair Academy,1,2
887,Hardaway,1,1
888,Franklin,1,2
889,Ravenwood,1,2
890,Belleville,1,4
891,Eastern Randolph,1,1
892,Clovis,1,1
893,St. John Bosco,1,12
894,South Forsyth,1,1
895,Edison,1,4
896,Good Counsel,1,2
897,Allen,1,2
898,Bryan,1,1
899,Hamilton,2,2
901,Seminole County,1,1
902,Flower Mound,2,1
903,Blue Valley,1,2
904,Flagstaff,1,1
905,Governor Mifflin,1,1
906,Maumelle,1,2
907,Long Beach Poly,8,3
908,Apopka,1,1
909,Bishop Alemany,1,5
910,Servite,1,4
911,Rolesville,1,1
912,Clear Springs,1,1
913,Colonial Forge,1,1
914,Catholic Central,1,1
915,Woodrow Wilson,1,2
916,Archbishop Carroll,1,2
917,Dillard,1,3
919,Cocoa,1,2
920,Jackson,1,2
921,The Loomis Chaffee School,1,2
922,The Bullis School,1,1
923,Lawrence North,1,2
924,Stranahan,1,1
925,Duncanville,1,7
926,Shoemaker,1,2
928,Hewitt-Trussville,1,4
929,Cleveland,1,1
930,North Caddo,1,1
931,West Forsyth,1,1
932,Rusk,1,1
933,Christian Brothers,1,1
934,Dr. Phillips,1,2
935,South Walton,1,1
936,Malvern Prep,1,1
937,Thompson,2,6
938,Guyer,1,2
940,Lancaster,1,1
941,North Miami Beach Senior,1,1
942,St. John Bosco,1,12
943,Duncanville,1,7
944,Dickinson,2,2
945,Westfield,1,3
946,Auburn,1,4
947,Calvary Christian,1,1
948,McDonogh School,1,4
949,Central Catholic,1,4
950,Lee County,1,3
951,Carver,1,4
952,Skyline,1,1
953,F. W. Buchholz,1,2
955,Clarendon,1,1
956,Mater Dei,2,9
957,Jacksonville,1,1
958,Pike Road,1,3
959,Douglass,1,1
960,DePaul Catholic,1,2
961,Cardinal Gibbons,1,1
962,St. John Bosco,1,12
963,Southlake Carroll,1,2
964,Biloxi,1,1
965,Imhotep Institute,1,4
966,Federal Way,1,1
967,Mater Dei,2,9
968,Neumann Goretti,1,3
969,Manchester,1,1
970,Shadow Creek,1,3
971,A. Crawford Mosley,1,1
972,Springfield,1,2
973,Highland Springs,1,1
974,Pickerington Central,2,3
975,Cedar Grove,1,8
976,Whitewater,1,1
977,Lincoln,2,8
978,Milton,1,7
979,St. John Bosco,1,12
981,Harker Heights,1,2
982,Southside,1,1
983,Lehigh Senior,1,1
984,Folsom,1,2
985,Hickory,1,1
986,Hewitt-Trussville,1,4
988,Central Catholic,1,4
989,McQueen,1,1
992,Broken Arrow,1,2
994,Williamson,1,1
995,Wiregrass Ranch,1,1
996,IMG Academy,2,35
997,Laurel Highlands,3,1
998,Junipero Serra,2,4
999,St. John's,1,3
1000,Buckingham Browne & Nichols School,1,2
1001,Miami Central,2,5
1002,El Campo,1,1
1003,North,1,1
1004,Cocalico,1,1
1005,Kenston,1,1
1006,Tumwater,1,2
1007,Edna Karr,1,3
1008,Chaminade-Madonna Prep,1,4
1009,Cary,1,1
1010,Buford,2,6
1011,Anniston Sch,1,1
1012,Collins Hill,1,2
1013,Lake Gibson,2,5
1014,Reagan,1,1
1015,Lipscomb Academy,1,3
1016,Creighton Preparatory School,1,1
1018,Jefferson,1,3
1019,Thayer Academy,1,1
1020,La Salle College,1,2
1021,Lincoln,2,8
1022,North Cobb,1,7
1023,IMG Academy,2,35
1024,American Heritage,1,6
1025,American Christian Academy,1,1
1027,Creekview,1,1
1028,Evanston Township,1,1
1029,Christopher Columbus HS,1,3
1030,Louisville Male,1,4
1031,West Bloomfield,1,3
1033,McEachern,1,4
1034,Monroe,1,1
1035,Ashdown,1,1
1036,Ensworth,1,1
1037,Denmark,1,2
1038,Neumann Goretti,1,3
1039,IMG Academy,2,35
1040,Unity Reed,1,1
1041,Dunbar,1,1
1042,St. James,1,1
1043,Lompoc,1,1
1045,Faith Academy,1,1
1046,Monsignor Pace,2,1
1047,Oscar Smith,1,1
1048,Warren Easton,1,1
1050,Benicia,1,2
1051,Elk Grove,1,1
1052,Bishop Manogue,1,1
1053,St. John Bosco,1,12
1054,Liberty,1,5
1055,Pickerington Central,2,3
1056,Timpview,1,1
1057,Thompson,2,6
1058,Canal Winchester,1,1
1059,DeSoto,2,2
1060,Bergen Catholic,1,5
1061,Madison-Ridgeland Academy,1,1
1062,South Point,1,1
1063,Dexter School,1,2
1064,Raleigh,1,1
1065,McEachern,1,4
1066,Bergen Catholic,1,5
1067,Munford,1,1
1068,Johns Creek,1,3
1069,Montgomery Catholic Preparatory,1,3
1070,San Joaquin Memorial,1,2
1071,Pinson Valley,1,2
1072,Westlake,3,6
1073,Inglewood,1,4
1074,Many,1,1
1075,William Amos Hough,1,2
1076,Zeeland East,1,1
1077,Mater Dei,2,9
1078,Hudson Catholic,1,1
1079,Middletown Area,1,1
1080,Santa Fe,1,1
1081,Gordo,1,1
1082,Northwestern,2,2
1083,Davie County,1,1
1084,Temple,1,2
1085,Skyridge,1,1
1086,Burges,1,1
1087,Gaither,1,2
1088,East Robertson,1,1
1089,Green Run,1,1
1090,Center Grove,2,2
1091,St. John Bosco,1,12
1092,Chillicothe,1,1
1093,Johns Creek,1,3
1094,Little Elm,2,1
1095,Winter Park,1,2
1096,Cy Woods,1,1
1097,Langston Hughes,1,3
1098,Servite,1,4
1099,Punahou,1,1
1100,Kirby,1,1
1101,North Stafford,1,1
1102,Clearwater Academy International,1,4
1103,Ware County,1,1
1104,Alief Hastings,1,1
1105,Columbus,1,2
1106,Princeton,1,1
1107,Inglewood,1,4
1108,Central,1,4
1109,Dewitt,1,2
1110,Knoxville Catholic,1,3
1111,King,1,2
1112,Thompson,2,6
1113,Fairfax,1,1
1114,East St. Louis,2,4
1115,Cardinal Newman,1,1
1117,Gulliver Prep,1,4
1119,Grimsley,1,1
1120,Wren,1,1
1121,Florida State Univ. School,1,2
1122,Mater Dei Catholic,1,1
1123,Jefferson,1,3
1124,Conroe,1,2
1125,East Lake,1,1
1126,Raymond,1,1
1127,Thompson,2,6
1128,Martin,1,2
1129,Coconut Creek,1,1
1130,Crystal Springs,1,1
1131,IMG Academy,2,35
1132,Saraland,1,2
1133,Lake Charles College Prep,1,1
1134,Ironton,1,1
1135,Knoxville Catholic,1,3
1136,Jennings,1,1
1137,Roncalli,1,1
1138,Eden Prairie,1,1
1139,Union Parish,1,1
1140,Severna Park Sr,1,1
1141,Trinity Christian Academy,1,2
1142,East Feliciana,1,1
1143,Corbin,1,2
1144,Sumner,1,1
1145,Lebanon,1,1
1146,Jesuit,1,2
1147,Calvary Day School,1,2
1148,Lawrence Academy,1,2
1149,Katy,2,2
1150,Independence,1,2
1151,Westview,2,2
1153,Edna Karr,1,3
1154,IMG Academy,2,35
1155,Johns Creek,1,3
1156,Magna Vista,1,1
1157,Buckingham Browne & Nichols School,1,2
1158,Plainfield East,1,1
1159,Brophy College Preparatory,1,2
1161,Tift County,1,1
1162,St. Augustine,1,3
1163,Perry Traditional Academy,1,1
1164,Roseville,1,1
1166,John Burroughs School,1,1
1168,Graham-Kapowsin,1,2
1169,Winter Park,1,2
1170,Warner Robins,1,1
1171,Madison Central,1,2
1172,Bristol Central,1,2
1173,Buford,2,6
1174,Louisville Male,1,4
1175,Pike Road,1,3
1176,Jesuit,1,2
1177,Folsom,1,2
1178,Little Rock Christian Academy,1,1
1179,Grayson,1,3
1180,Acadiana,1,1
1181,Hiram,1,1
1182,Powell,3,3
1183,Miami Central,2,5
1184,Heritage Academy,1,2
1185,Northridge,1,1
1186,John Carroll,1,1
1187,Grosse Pointe South,2,1
1188,Harlan Community,1,1
1189,IMG Academy,2,35
1190,Regents School,1,2
1191,Louisville Male,1,4
1194,Lexington Christian Academy,1,1
1195,Whale Branch,1,1
1196,Southeast Polk,2,3
1197,Langston Hughes,1,3
1198,Camden,2,3
1199,Mater Dei,2,9
1200,Post,1,2
1201,Rockwall-Heath,1,3
1202,Liberty Christian Academy,1,1
1203,Bishop Gorman,2,9
1204,Hun School,1,2
1206,Neville,1,3
1207,Lake Nona,1,1
1208,Gretna,1,1
1209,Chapin,1,2
1210,Tattnall Square Academy,1,1
1211,Eagles Landing Christian Academy,1,1
1212,De La Salle,1,2
1213,Bishop Gorman,2,9
1214,St. Thomas Aquinas,1,6
1218,Southern California Academy,10,4
1219,Centennial,10,2
1220,Sierra Canyon,10,6
1221,Centerville,7,1
1222,Montverde Academy,5,7
1223,Vertical Academy,4,1
1224,Bull City Prep,4,1
1225,Donda Academy,3,4
1226,IMG Academy,2,35
1227,Moravian Prep,2,1
1228,Hightower,2,2
1229,Oak Hill Academy,2,3
1230,Camden,2,3
1231,Crestwood Prep,2,1
1232,Taft,2,2
1233,Link Year Prep,2,5
1234,Kimball,2,1
1235,Sunrise Christian,1,7
1236,DME Academy,1,1
1237,ISA Academy,1,1
1238,Paul VI Catholic,1,3
1239,IMG Academy,2,35
1240,La Lumiere School,1,3
1241,Duncanville,1,7
1242,Bishop Gorman,2,9
1243,Prolific Prep,1,4
1244,The Skill Factory,1,2
1245,IMG Academy,2,35
1246,North Laurel,1,1
1247,Bristol Central,1,2
1248,Pine Crest School,1,2
1249,Prolific Prep,1,4
1250,PHHoenix Prep,1,1
1251,IMG Academy,2,35
1252,Cane Ridge,1,1
1253,Compass Prep,1,7
1254,Knoxville Catholic,1,3
1255,Prolific Prep,1,4
1256,Taft,2,2
1257,Westtown School,1,2
1258,Pine Crest School,1,2
1259,Bergen Catholic,1,5
1260,Compass Prep,1,7
1261,Roselle Catholic,1,1
1262,Link Year Prep,2,5
1263,Montverde Academy,5,7
1264,IMG Academy,2,35
1265,Donda Academy,3,4
1266,Richardson,1,2
1267,Huntington Prep,1,1
1268,Compass Prep,1,7
1269,Wheeler,1,1
1270,Compass Prep,1,7
1271,Cretin Derham Hall,1,1
1272,Yorkville Christian,1,1
1273,Notre Dame,1,1
1274,IMG Academy,2,35
1275,Southern California Academy,10,4
1276,Life Academy,1,1
1277,Menomonee Falls,1,1
1279,Northfield Mount Hermon,1,2
1280,Thornton Township,1,1
1281,Wasatch Academy,1,1
1282,Calvary Christian Academy,1,4
1283,Donda Academy,3,4
1284,IMG Academy,2,35
1285,Sierra Canyon,10,6
1286,La Lumiere School,1,3
1287,Archbishop Spalding,1,1
1288,Calvary Christian Academy,1,4
1289,Poca,1,1
1291,Link Year Prep,2,5
1292,Magnolia,1,1
1293,Chapin,1,2
1294,Duncanville,1,7
1295,Milton,1,7
1296,Montverde Academy,5,7
1297,IMG Academy,2,35
1298,Sunrise Christian,1,7
1299,Wilbraham & Monson Academy,1,1
1300,Ecorse Community,1,1
1301,Sunrise Christian,1,7
1302,Garfield Heights,1,1
1303,Lake Norman,1,1
1304,Florida State Univ. School,1,2
1305,Central Noble,1,1
1306,Morrilton,1,1
1307,Shadow Creek,1,3
1308,Richardson,1,2
1309,Commonwealth Academy,1,1
1310,Bishop O'Dowd,1,1
1311,Windermere,1,1
1312,Prolific Prep,1,4
1313,North Little Rock,1,2
1314,St. Vincent-St. Mary,1,1
1315,Northfield Mount Hermon,1,2
1316,Westfield,1,3
1317,Norcross,1,2
1318,Brewster Academy,1,3
1320,Oak Hill Academy,2,3
1321,Dream City Christian,1,3
1322,Ames,1,1
1323,Campolindo,1,1
1324,Legacy Early College,1,1
1325,Desert Vista,1,1
1326,St. Frances Academy,1,9
1327,Kenwood Academy,1,1
1328,NBA Global Academy,1,1
1329,Liberty Heights Athletic Institute,1,3
1330,Wagner HS,1,1
1331,Christopher Columbus HS,1,3
1332,Olympia,1,1
1333,Teays Valley Christian School,1,2
1334,Helsinki Basketball Academy,1,1
1335,Dublin Coffman,1,1
1336,Sunrise Christian,1,7
1337,Bartlett,1,1
1338,Bartlesville,1,1
1339,Zebulon B. Vance,1,3
1340,Putnam City North,1,2
1341,Sunrise Christian,1,7
1343,W J Keenan HS,1,1
1346,Woodward Career Technical,1,1
1348,Summer Creek,1,2
1350,Zionsville,1,3
1351,Denmark Olar Hi,1,1
1352,Lenape,1,1
1353,Dr. Phillips,1,2
1354,Duncanville,1,7
1355,Hillcrest Prep,1,2
1356,Denver Prep Academy,1,1
1357,Link Year Prep,2,5
1358,Compass Prep,1,7
1359,Memorial,1,4
1360,Madison Prep Academy,1,1
1361,Hamilton Heights Christian Academy,1,2
1362,Berkmar,1,1
1363,Chaminade,1,2
1364,Enderlin Area,1,1
1367,Camden,2,3
1368,Greenhill School,1,2
1369,Dream City Christian,1,3
1370,Donda Academy,3,4
1371,Christian Brothers College,1,1
1372,Cathedral,1,3
1373,Cannon School,1,1
1376,Del City,1,1
1377,Southern California Academy,10,4
1385,Asheville Christian Academy,1,1
1386,Ridge View,1,1
1387,Grand Island Senior Sch,1,1
1388,Compass Prep,1,7
1389,Word Of God Christian Academy,1,1
1390,West Side,1,1
1391,Richmond Heights,1,1
1392,Liberty Heights Athletic Institute,1,3
1393,West Oaks Academy,1,2
1394,Montverde Academy,5,7
1395,Sierra Canyon,10,6
1397,West Oaks Academy,1,2
1398,Whitney Young,1,2
1399,Park Senior,1,1
1400,Fayette County,1,1
1401,Grayson,1,3
1402,Pickerington Central,2,3
1403,Garland,1,2
1404,Link Year Prep,2,5
1406,Calvary Christian Academy,1,4
1407,Millard North,1,1
1409,South Portland,1,1
1410,Coronado,1,1
1411,St. Mark's,1,1
1412,Blue Ridge School,1,1
1414,Plano,1,1
1417,Booker T. Washington,1,3
1418,Stratford,1,2
1419,Pewaukee,1,1
1420,Legacy Charter,1,2
1421,Whitney Young,1,2
1422,IMG Academy,2,35
1423,Orlando Christian Prep,1,2
1426,Montverde Academy,5,7
1428,CPA,1,1
1429,St. Rita,1,2
1432,Cardinal Hayes,1,2
1433,Sierra Canyon,10,6
1434,McKinney,1,1
1435,Blair Academy,1,2
1436,Homestead,1,3
1437,San Joaquin Memorial,1,2
1438,Greenhill School,1,2
1439,Lawrence North,1,2
1441,Roman Catholic,1,2
1442,Crossroad Academy,1,1
1443,DeMatha Catholic,1,6
1444,Beaumont United,1,2
1445,Archbishop Moeller,1,2
1446,Memorial,1,4
1447,Ypsi Prep Academy,1,1
1448,Newton,1,4
1449,The Skill Factory,1,2
1450,Abraham Lincoln,1,1
1451,Compass Prep,1,7
1452,Hamilton Heights Christian Academy,1,2
1453,Dream City Christian,1,3
1454,Minnesota Preparatory Academy,1,2
1456,Paul VI Catholic,1,3
1457,Kingswood-Oxford School,1,1
1458,St. Patrick,1,1
1459,Totino-Grace,1,2
1461,Calvary Christian Academy,1,4
1465,East Ridge,1,1
1467,Orlando Christian Prep,1,2
1468,DeMatha Catholic,1,6
1469,Mt. Zion Prep,1,1
1470,North Little Rock,1,2
1471,Elkins,1,1
1474,Newton,1,4
1476,Park Center,1,1
1477,Heritage Christian School,1,1
1479,Minnehaha Academy,1,2
1480,Louisville Male,1,4
1481,Coppell,1,2
1482,McGill Toolen,1,1
1483,Hillcrest Prep,1,2
1484,Sierra Canyon,10,6
1485,Dacula,1,1
1486,Mount Saint Joseph,1,1
1487,Wayzata,1,1
1488,Brewster Academy,1,3
1489,Gill St Bernard S School,1,1
1490,East Rockingham,1,1
1491,Imhotep Institute,1,4
1492,Oak Hill Academy,2,3
1493,Legacy Charter,1,2
1494,Beaumont United,1,2
1495,Brewster Academy,1,3
1496,Crispus Attucks,1,1
1497,Wauwatosa East,1,1
1498,IMG Academy,2,35
1499,Sunrise Christian,1,7
1500,Harvard Westlake,1,1
1501,North Gwinnett,1,2
1503,Mansfield Legacy,1,1
1504,Totino-Grace,1,2
1505,iSchool Entrepreneurial Academy,1,1
1506,Paul VI Catholic,1,3
1508,Garfield,1,1
1509,Northside Christian Academy,1,1
1510,IMG Academy,2,35
1511,John Marshall,1,1
1514,Blue Valley,1,2
1515,New Hampton School,1,1
1516,St. John's,1,3
1517,John Paul II,1,1
1521,Sunrise Christian,1,7
1525,Fort Erie International Academy,1,1
1527,Tampa Catholic,1,2
1528,San Marcos,1,1
1530,Parklane Academy,1,1
1531,The Rock School,1,1
1532,Minnesota Preparatory Academy,1,2
1533,Montverde Academy,5,7
1535,Bradford Christian Academy,1,1
1536,DeMatha Catholic,1,6
1537,Texas Alliance of Christian Athletes,1,1
1538,Bradley Technology,1,1
1540,Osseo Senior,1,2
1542,Collins Hill,1,2
1543,Montverde Academy,5,7
1544,Westtown School,1,2
1545,St. Peters Prep,1,5
1546,Combine Academy,1,1
1547,La Lumiere School,1,3
1548,Gonzaga,1,2
1549,Christian Academy Of Louisville,1,1
1551,Life Center Academy,1,1
1552,South Cobb,1,1
1553,East St. Louis,2,4
1554,Goodpasture Christian School,1,1
1555,Milton,1,7
1556,St. Thomas Aquinas,1,6
1557,Gill St Bernards,1,1
1558,Wayne,1,3
1559,Greenforest Mccalep Christian Academy,1,1
1560,Teays Valley Christian School,1,2
1561,St. Frances Academy,1,9
1562,Landstown,1,1
1563,Crosby,1,1
1564,Liberty Heights Athletic Institute,1,3
1566,Southern California Academy,10,4
1567,Ballard,1,1
1569,Greensboro Day School,1,1
